Ticker,Price,Probability,Predicted_Return,Signal,Signal_Type,Paper_Status,Real_Order,Quantity,Position_Value
BALAT.IS,78.94999694824219,0.4479117748980602,0.005042041154916543,HOLD,AI_CURRENT,PAPER_ONLY,NO,1,78.94999694824219
TUPRS.IS,388.5,0.5003071742745369,0.007850111238871742,HOLD,AI_CURRENT,PAPER_ONLY,NO,1,388.5
AHGAZ.IS,39.70000076293945,0.5272631853462448,0.007986206470262136,HOLD,AI_CURRENT,PAPER_ONLY,NO,1,39.70000076293945
OZATD.IS,4600.0,0.4896451364976742,0.25,HOLD,AI_CURRENT,PAPER_ONLY,NO,1,4600.0
ANELE.IS,204.0,0.6140952170525926,0.022393749281864536,BUY,AI_CURRENT,PAPER_ONLY,NO,1,204.0
BOBET.IS,21.959999084472656,0.47532554052575743,0.006294155221159443,HOLD,AI_CURRENT,PAPER_ONLY,NO,1,21.959999084472656
TGSAS.IS,233.1999969482422,0.4353079159972709,0.005426479139355546,HOLD,AI_CURRENT,PAPER_ONLY,NO,1,233.1999969482422
HALKB.IS,54.349998474121094,0.4880960745747108,0.026829111768078402,HOLD,AI_CURRENT,PAPER_ONLY,NO,1,54.349998474121094
BAHKM.IS,168.6999969482422,0.4495216308022011,0.004373725370622763,HOLD,AI_CURRENT,PAPER_ONLY,NO,1,168.6999969482422
NETAS.IS,103.0999984741211,0.46874587878880053,0.008927822968386397,HOLD,AI_CURRENT,PAPER_ONLY,NO,1,103.0999984741211
AVOD.IS,4.710000038146973,0.40442372657358644,0.0011057425477474779,HOLD,AI_CURRENT,PAPER_ONLY,NO,1,4.710000038146973
DEVA.IS,92.44999694824219,0.5268859236071384,0.00918258714802887,HOLD,AI_CURRENT,PAPER_ONLY,NO,1,92.44999694824219
TRHOL.IS,2560.0,0.6019101957046551,0.018080465048165448,BUY,AI_CURRENT,PAPER_ONLY,NO,1,2560.0
KRPLS.IS,11.300000190734863,0.47491936780084837,0.00737592728999026,HOLD,AI_CURRENT,PAPER_ONLY,NO,1,11.300000190734863
OFSYM.IS,70.0,0.4844950690130607,0.008243568144760967,HOLD,AI_CURRENT,PAPER_ONLY,NO,1,70.0
IEYHO.IS,214.60000610351562,0.6052993677012983,0.01246634789443622,BUY,AI_CURRENT,PAPER_ONLY,NO,1,214.60000610351562
RYGYO.IS,49.41999816894531,0.5367194003234264,0.011698266894359554,HOLD,AI_CURRENT,PAPER_ONLY,NO,1,49.41999816894531
ATATP.IS,311.0,0.4284429618294512,0.004164887868470855,HOLD,AI_CURRENT,PAPER_ONLY,NO,1,311.0
AKFIS.IS,18.18000030517578,0.4665472838129262,0.00465959069649256,HOLD,AI_CURRENT,PAPER_ONLY,NO,1,18.18000030517578
DSTKF.IS,2390.0,0.47519674539257284,0.004065238396534869,HOLD,AI_CURRENT,PAPER_ONLY,NO,1,2390.0
SKYMD.IS,17.1299991607666,0.48892247746550976,0.011096548075765295,HOLD,AI_CURRENT,PAPER_ONLY,NO,1,17.1299991607666
ENERY.IS,11.039999961853027,0.5204863715101515,0.008253752122596216,HOLD,AI_CURRENT,PAPER_ONLY,NO,1,11.039999961853027
KRDMA.IS,56.20000076293945,0.4647091174593282,0.006867913230931685,HOLD,AI_CURRENT,PAPER_ONLY,NO,1,56.20000076293945
MARTI.IS,2.009999990463257,0.43917501261464453,-0.007506744315062994,HOLD,AI_CURRENT,PAPER_ONLY,NO,1,2.009999990463257
KARSN.IS,12.680000305175781,0.43751737660156786,-0.0005110610432964187,HOLD,AI_CURRENT,PAPER_ONLY,NO,1,12.680000305175781
VESTL.IS,26.459999084472656,0.47002184127416724,0.007229999516509375,HOLD,AI_CURRENT,PAPER_ONLY,NO,1,26.459999084472656
MANAS.IS,37.220001220703125,0.4880308508698158,0.006324521937681745,HOLD,AI_CURRENT,PAPER_ONLY,NO,1,37.220001220703125
KZGYO.IS,26.280000686645508,0.4429453901901414,0.008041351387162537,HOLD,AI_CURRENT,PAPER_ONLY,NO,1,26.280000686645508
CRFSA.IS,280.5,0.452862938723262,0.0031430246123113413,HOLD,AI_CURRENT,PAPER_ONLY,NO,1,280.5
VBTYZ.IS,39.0,0.49556578668455314,0.012085843981954135,HOLD,AI_CURRENT,PAPER_ONLY,NO,1,39.0
BORSK.IS,6.800000190734863,0.4910579187622177,0.005644571554275759,HOLD,AI_CURRENT,PAPER_ONLY,NO,1,6.800000190734863
CATES.IS,64.9000015258789,0.4509374998997328,-0.004314495917014169,HOLD,AI_CURRENT,PAPER_ONLY,NO,1,64.9000015258789
SELEC.IS,324.0,0.5809008126457433,0.020977159669061676,BUY,AI_CURRENT,PAPER_ONLY,NO,1,324.0
RYSAS.IS,28.299999237060547,0.487616195771159,0.005226823077770431,HOLD,AI_CURRENT,PAPER_ONLY,NO,1,28.299999237060547
KUVVA.IS,190.5,0.4826025456319619,0.006390423840788861,HOLD,AI_CURRENT,PAPER_ONLY,NO,1,190.5
ARTMS.IS,43.900001525878906,0.49274615186130377,0.006887379345319673,HOLD,AI_CURRENT,PAPER_ONLY,NO,1,43.900001525878906
ALKLC.IS,460.0,0.5584899302707166,0.0069400806791100455,HOLD,AI_CURRENT,PAPER_ONLY,NO,1,460.0
DIRIT.IS,28.0,0.45990117486948023,0.0035671576871294025,HOLD,AI_CURRENT,PAPER_ONLY,NO,1,28.0
ETYAT.IS,16.1299991607666,0.5023326545331919,0.007670943008108256,HOLD,AI_CURRENT,PAPER_ONLY,NO,1,16.1299991607666
BIGEN.IS,168.3000030517578,0.4633756374274832,0.006792868720150028,HOLD,AI_CURRENT,PAPER_ONLY,NO,1,168.3000030517578
BRSAN.IS,715.5,0.4947317031147239,0.007460835936141932,HOLD,AI_CURRENT,PAPER_ONLY,NO,1,715.5
AYGAZ.IS,325.75,0.48213205247125823,0.005389282430088341,HOLD,AI_CURRENT,PAPER_ONLY,NO,1,325.75
TEHOL.IS,45.0,0.47268122111450217,0.005918328780943349,HOLD,AI_CURRENT,PAPER_ONLY,NO,1,45.0
BRKVY.IS,90.69999694824219,0.48404379727897356,0.0052387999774919924,HOLD,AI_CURRENT,PAPER_ONLY,NO,1,90.69999694824219
ATSYH.IS,123.0,0.45939812120987467,0.0023178420287200876,HOLD,AI_CURRENT,PAPER_ONLY,NO,1,123.0
SNPAM.IS,21.280000686645508,0.4431541951398451,0.0028761469901449383,HOLD,AI_CURRENT,PAPER_ONLY,NO,1,21.280000686645508
VESBE.IS,5.989999771118164,0.4365170953589911,0.0037704659678150045,HOLD,AI_CURRENT,PAPER_ONLY,NO,1,5.989999771118164
MRGYO.IS,1.5700000524520874,0.4610760747580841,0.004194243609733661,HOLD,AI_CURRENT,PAPER_ONLY,NO,1,1.5700000524520874
RALYH.IS,271.25,0.46449356170365874,0.0025621699197269456,HOLD,AI_CURRENT,PAPER_ONLY,NO,1,271.25
TRCAS.IS,49.20000076293945,0.4967783189926511,0.0063668968323953735,HOLD,AI_CURRENT,PAPER_ONLY,NO,1,49.20000076293945
BLCYT.IS,2.25,0.4417175236490013,0.0030765345109548606,HOLD,AI_CURRENT,PAPER_ONLY,NO,1,2.25
ARDYZ.IS,85.75,0.45747345941194895,0.0027161939698151115,HOLD,AI_CURRENT,PAPER_ONLY,NO,1,85.75
EUKYO.IS,13.800000190734863,0.5115252389680585,0.007104235897036811,HOLD,AI_CURRENT,PAPER_ONLY,NO,1,13.800000190734863
SOKM.IS,58.0,0.5107421853480333,0.006580975070063508,HOLD,AI_CURRENT,PAPER_ONLY,NO,1,58.0
TKFEN.IS,210.8000030517578,0.4664767553034986,0.005093126824149341,HOLD,AI_CURRENT,PAPER_ONLY,NO,1,210.8000030517578
NIBAS.IS,4.320000171661377,0.4577031981605489,0.004133018621387144,HOLD,AI_CURRENT,PAPER_ONLY,NO,1,4.320000171661377
BLUME.IS,40.70000076293945,0.46719355697445963,0.006542888634741876,HOLD,AI_CURRENT,PAPER_ONLY,NO,1,40.70000076293945
TURGG.IS,28.920000076293945,0.47200408763655766,0.005011101143066153,HOLD,AI_CURRENT,PAPER_ONLY,NO,1,28.920000076293945
KGYO.IS,12.180000305175781,0.4500930045571976,0.0027110603594119828,HOLD,AI_CURRENT,PAPER_ONLY,NO,1,12.180000305175781
AVGYO.IS,16.0,0.437586025100563,-0.0008498815731133335,HOLD,AI_CURRENT,PAPER_ONLY,NO,1,16.0
VAKBN.IS,33.619998931884766,0.4914494423540501,0.005654908808335326,HOLD,AI_CURRENT,PAPER_ONLY,NO,1,33.619998931884766
GENIL.IS,11.199999809265137,0.4722133951442148,0.006460668449632807,HOLD,AI_CURRENT,PAPER_ONLY,NO,1,11.199999809265137
SERNT.IS,8.510000228881836,0.5316469611415295,0.006423993883141437,HOLD,AI_CURRENT,PAPER_ONLY,NO,1,8.510000228881836
KLSYN.IS,15.6899995803833,0.5132856708995994,0.004966156404317011,HOLD,AI_CURRENT,PAPER_ONLY,NO,1,15.6899995803833
RODRG.IS,27.0,0.47639618135666284,0.0041927631138406005,HOLD,AI_CURRENT,PAPER_ONLY,NO,1,27.0
TBORG.IS,143.8000030517578,0.48065193033753584,0.0052402514268537785,HOLD,AI_CURRENT,PAPER_ONLY,NO,1,143.8000030517578
ALARK.IS,112.0,0.5039743130237102,0.006642136187561473,HOLD,AI_CURRENT,PAPER_ONLY,NO,1,112.0
ARSAN.IS,3.890000104904175,0.47133265107841293,0.006827357520502651,HOLD,AI_CURRENT,PAPER_ONLY,NO,1,3.890000104904175
TERA.IS,194.39999389648438,0.5064369099574368,0.005503589871010866,HOLD,AI_CURRENT,PAPER_ONLY,NO,1,194.39999389648438
PRZMA.IS,74.94999694824219,0.4651711604374352,0.010152334431375648,HOLD,AI_CURRENT,PAPER_ONLY,NO,1,74.94999694824219
KUYAS.IS,68.69999694824219,0.46339223658458495,0.006303865067175946,HOLD,AI_CURRENT,PAPER_ONLY,NO,1,68.69999694824219
ZRGYO.IS,19.700000762939453,0.4875004250880026,0.005709246829333319,HOLD,AI_CURRENT,PAPER_ONLY,NO,1,19.700000762939453
BIOEN.IS,19.31999969482422,0.4705277668731587,0.004756882527784136,HOLD,AI_CURRENT,PAPER_ONLY,NO,1,19.31999969482422
INDES.IS,11.699999809265137,0.5015210181624157,0.006235087991335099,HOLD,AI_CURRENT,PAPER_ONLY,NO,1,11.699999809265137
KCHOL.IS,215.10000610351562,0.5065168567100163,0.00529499071515976,HOLD,AI_CURRENT,PAPER_ONLY,NO,1,215.10000610351562
TRENJ.IS,105.19999694824219,0.48727362149639764,0.005307218449296725,HOLD,AI_CURRENT,PAPER_ONLY,NO,1,105.19999694824219
CANTE.IS,1.3300000429153442,0.47432370335613006,0.0038542051854984997,HOLD,AI_CURRENT,PAPER_ONLY,NO,1,1.3300000429153442
BIMAS.IS,415.75,0.5178326078546611,0.006025596082243775,HOLD,AI_CURRENT,PAPER_ONLY,NO,1,415.75
SUWEN.IS,6.75,0.48250239610070805,0.004859273861988884,HOLD,AI_CURRENT,PAPER_ONLY,NO,1,6.75
LYDYE.IS,13037.5,0.4491185552372291,0.0025335619192303266,HOLD,AI_CURRENT,PAPER_ONLY,NO,1,13037.5
AGESA.IS,259.0,0.5097239228996553,0.006374356025681366,HOLD,AI_CURRENT,PAPER_ONLY,NO,1,259.0
BUCIM.IS,5.699999809265137,0.4967625772706297,0.0057930302487444515,HOLD,AI_CURRENT,PAPER_ONLY,NO,1,5.699999809265137
PETUN.IS,11.699999809265137,0.4674850802499704,0.004245950404730322,HOLD,AI_CURRENT,PAPER_ONLY,NO,1,11.699999809265137
TARKM.IS,520.5,0.4761700027358431,0.004351310519430492,HOLD,AI_CURRENT,PAPER_ONLY,NO,1,520.5
CEMZY.IS,14.800000190734863,0.44497578200109633,0.003674216177558416,HOLD,AI_CURRENT,PAPER_ONLY,NO,1,14.800000190734863
KONYA.IS,3875.0,0.4694556704164278,0.004507381747747967,HOLD,AI_CURRENT,PAPER_ONLY,NO,1,3875.0
SANKO.IS,19.8700008392334,0.4866269061443266,0.005111777532894702,HOLD,AI_CURRENT,PAPER_ONLY,NO,1,19.8700008392334
GUBRF.IS,478.75,0.4905295715956624,0.005782416423269443,HOLD,AI_CURRENT,PAPER_ONLY,NO,1,478.75
KRGYO.IS,2.940000057220459,0.4646275387901952,0.005845744439968119,HOLD,AI_CURRENT,PAPER_ONLY,NO,1,2.940000057220459
HUNER.IS,3.890000104904175,0.481979735260299,0.005647351434772612,HOLD,AI_CURRENT,PAPER_ONLY,NO,1,3.890000104904175
CELHA.IS,24.34000015258789,0.4468961275802801,0.0013170837884862322,HOLD,AI_CURRENT,PAPER_ONLY,NO,1,24.34000015258789
POLHO.IS,22.399999618530273,0.49015669503505044,0.00473159800601995,HOLD,AI_CURRENT,PAPER_ONLY,NO,1,22.399999618530273
PNSUT.IS,11.220000267028809,0.4710539329802079,0.00412548925601366,HOLD,AI_CURRENT,PAPER_ONLY,NO,1,11.220000267028809
ARASE.IS,119.69999694824219,0.46838055062987105,0.00431380454615162,HOLD,AI_CURRENT,PAPER_ONLY,NO,1,119.69999694824219
AKCNS.IS,243.89999389648438,0.4831495675705012,0.005101620902054698,HOLD,AI_CURRENT,PAPER_ONLY,NO,1,243.89999389648438
EGPRO.IS,37.7400016784668,0.4688331741717573,0.004404466229425917,HOLD,AI_CURRENT,PAPER_ONLY,NO,1,37.7400016784668
TRMET.IS,137.3000030517578,0.462279804784815,0.003637325656352364,HOLD,AI_CURRENT,PAPER_ONLY,NO,1,137.3000030517578
PRKME.IS,19.09000015258789,0.4527118507988701,0.0008941480802416761,HOLD,AI_CURRENT,PAPER_ONLY,NO,1,19.09000015258789
FLAP.IS,10.970000267028809,0.47152002631463397,0.005057193078126178,HOLD,AI_CURRENT,PAPER_ONLY,NO,1,10.970000267028809
MTRKS.IS,31.100000381469727,0.46480082372736364,0.004982881908052267,HOLD,AI_CURRENT,PAPER_ONLY,NO,1,31.100000381469727
SONME.IS,134.8000030517578,0.4687346393060329,0.006362749050432915,HOLD,AI_CURRENT,PAPER_ONLY,NO,1,134.8000030517578
KLYPV.IS,61.70000076293945,0.4622512248377676,0.0034810406393561916,HOLD,AI_CURRENT,PAPER_ONLY,NO,1,61.70000076293945
AKBNK.IS,71.8499984741211,0.4984663787056473,0.0062401892359367234,HOLD,AI_CURRENT,PAPER_ONLY,NO,1,71.8499984741211
RUBNS.IS,30.799999237060547,0.4602977323644656,0.006565123710146441,HOLD,AI_CURRENT,PAPER_ONLY,NO,1,30.799999237060547
ISBTR.IS,512925.0,0.44646287698479464,-0.0004643001294776044,HOLD,AI_CURRENT,PAPER_ONLY,NO,1,512925.0
UFUK.IS,1650.0,0.40670991205761986,0.002131966274204932,HOLD,AI_CURRENT,PAPER_ONLY,NO,1,1650.0
HLGYO.IS,4.650000095367432,0.46056943145030127,0.005319571376017653,HOLD,AI_CURRENT,PAPER_ONLY,NO,1,4.650000095367432
ADGYO.IS,57.599998474121094,0.4664728971697637,0.004209379306420112,HOLD,AI_CURRENT,PAPER_ONLY,NO,1,57.599998474121094
BIGTK.IS,330.0,0.4224955710629771,0.0006349739823961794,HOLD,AI_CURRENT,PAPER_ONLY,NO,1,330.0
PETKM.IS,20.059999465942383,0.4895255056165069,0.005160383204566379,HOLD,AI_CURRENT,PAPER_ONLY,NO,1,20.059999465942383
OZRDN.IS,29.520000457763672,0.45186366992170723,0.002606884971647101,HOLD,AI_CURRENT,PAPER_ONLY,NO,1,29.520000457763672
HURGZ.IS,7.380000114440918,0.4643127418385314,0.004353044427227629,HOLD,AI_CURRENT,PAPER_ONLY,NO,1,7.380000114440918
EGGUB.IS,106.19999694824219,0.47426517459002304,0.005675927741992725,HOLD,AI_CURRENT,PAPER_ONLY,NO,1,106.19999694824219
ASELS.IS,388.25,0.47824238375947986,0.005491619716003543,HOLD,AI_CURRENT,PAPER_ONLY,NO,1,388.25
YIGIT.IS,22.079999923706055,0.4862452808554712,0.0042439371291066955,HOLD,AI_CURRENT,PAPER_ONLY,NO,1,22.079999923706055
ENJSA.IS,113.69999694824219,0.4910196175058308,0.004973001884902118,HOLD,AI_CURRENT,PAPER_ONLY,NO,1,113.69999694824219
EYGYO.IS,2.619999885559082,0.44272904602719165,0.0028369745795410566,HOLD,AI_CURRENT,PAPER_ONLY,NO,1,2.619999885559082
ISDMR.IS,55.20000076293945,0.4996222815883139,0.005350287218535765,HOLD,AI_CURRENT,PAPER_ONLY,NO,1,55.20000076293945
SKTAS.IS,3.2699999809265137,0.446918123505892,0.0005203643316972401,HOLD,AI_CURRENT,PAPER_ONLY,NO,1,3.2699999809265137
BRKO.IS,12.0,0.43171902623910263,0.0006721610155912051,HOLD,AI_CURRENT,PAPER_ONLY,NO,1,12.0
KRDMD.IS,43.52000045776367,0.46022346782634715,0.0033782513223074625,HOLD,AI_CURRENT,PAPER_ONLY,NO,1,43.52000045776367
ISCTR.IS,13.010000228881836,0.5045508558530618,0.00549533548368533,HOLD,AI_CURRENT,PAPER_ONLY,NO,1,13.010000228881836
OZYSR.IS,12.279999732971191,0.47421609005146015,0.0038064598959023123,HOLD,AI_CURRENT,PAPER_ONLY,NO,1,12.279999732971191
BAGFS.IS,25.940000534057617,0.46439459729907495,0.004189993217079462,HOLD,AI_CURRENT,PAPER_ONLY,NO,1,25.940000534057617
TTRAK.IS,429.5,0.4873037722924185,0.004849053672913635,HOLD,AI_CURRENT,PAPER_ONLY,NO,1,429.5
AGHOL.IS,32.880001068115234,0.4862433206601151,0.004827723809494002,HOLD,AI_CURRENT,PAPER_ONLY,NO,1,32.880001068115234
INVES.IS,765.0,0.43734678168475627,0.0006793892445435014,HOLD,AI_CURRENT,PAPER_ONLY,NO,1,765.0
MIATK.IS,30.700000762939453,0.42997193097108455,0.004989117178363588,HOLD,AI_CURRENT,PAPER_ONLY,NO,1,30.700000762939453
SAYAS.IS,55.79999923706055,0.44663463421606636,0.002528843266143392,HOLD,AI_CURRENT,PAPER_ONLY,NO,1,55.79999923706055
PKART.IS,128.0,0.4311527762106031,-0.00011610361951662007,HOLD,AI_CURRENT,PAPER_ONLY,NO,1,128.0
ISMEN.IS,34.5,0.48966778987841464,0.0051945736161893566,HOLD,AI_CURRENT,PAPER_ONLY,NO,1,34.5
ULAS.IS,22.0,0.465456950124988,0.0037170595533632346,HOLD,AI_CURRENT,PAPER_ONLY,NO,1,22.0
ORGE.IS,22.34000015258789,0.4631024705754733,0.004382752939306745,HOLD,AI_CURRENT,PAPER_ONLY,NO,1,22.34000015258789
ESCAR.IS,45.459999084472656,0.437525604358571,0.002690757838320131,HOLD,AI_CURRENT,PAPER_ONLY,NO,1,45.459999084472656
ALBRK.IS,8.6899995803833,0.47895168819445855,0.004492165534276799,HOLD,AI_CURRENT,PAPER_ONLY,NO,1,8.6899995803833
DENGE.IS,2.359999895095825,0.4507421420157087,0.004250050067613164,HOLD,AI_CURRENT,PAPER_ONLY,NO,1,2.359999895095825
GMTAS.IS,45.97999954223633,0.48229061664848705,0.005048581535466896,HOLD,AI_CURRENT,PAPER_ONLY,NO,1,45.97999954223633
SAHOL.IS,92.5999984741211,0.4956134301581906,0.005350605473482154,HOLD,AI_CURRENT,PAPER_ONLY,NO,1,92.5999984741211
HKTM.IS,12.899999618530273,0.45853985235721306,0.0031269698296189034,HOLD,AI_CURRENT,PAPER_ONLY,NO,1,12.899999618530273
METRO.IS,8.489999771118164,0.47079180081252264,0.00501857516027099,HOLD,AI_CURRENT,PAPER_ONLY,NO,1,8.489999771118164
DOCO.IS,11515.0,0.4874049232161547,0.005522559987457917,HOLD,AI_CURRENT,PAPER_ONLY,NO,1,11515.0
AKSGY.IS,9.960000038146973,0.49521455621179955,0.004996854318363305,HOLD,AI_CURRENT,PAPER_ONLY,NO,1,9.960000038146973
KRONT.IS,24.799999237060547,0.4371935108753412,0.00048417519887946877,HOLD,AI_CURRENT,PAPER_ONLY,NO,1,24.799999237060547
DZGYO.IS,7.320000171661377,0.4494073088869339,0.0029905784812170027,HOLD,AI_CURRENT,PAPER_ONLY,NO,1,7.320000171661377
DOHOL.IS,21.799999237060547,0.4897372633784689,0.005868030324958515,HOLD,AI_CURRENT,PAPER_ONLY,NO,1,21.799999237060547
TOASO.IS,274.25,0.48557319861995074,0.004797131183666924,HOLD,AI_CURRENT,PAPER_ONLY,NO,1,274.25
AYDEM.IS,26.0,0.47124941272772947,0.00448316418645457,HOLD,AI_CURRENT,PAPER_ONLY,NO,1,26.0
EFOR.IS,18.079999923706055,0.4401021325950981,0.0008426242943329945,HOLD,AI_CURRENT,PAPER_ONLY,NO,1,18.079999923706055
YKBNK.IS,35.900001525878906,0.4737494202896553,0.004666779113507153,HOLD,AI_CURRENT,PAPER_ONLY,NO,1,35.900001525878906
TNZTP.IS,29.0,0.46361170506135124,0.003537496796055112,HOLD,AI_CURRENT,PAPER_ONLY,NO,1,29.0
AVPGY.IS,54.0,0.474712340608608,0.0035895041467106387,HOLD,AI_CURRENT,PAPER_ONLY,NO,1,54.0
TRALT.IS,50.79999923706055,0.4562685699621738,0.00325408601257731,HOLD,AI_CURRENT,PAPER_ONLY,NO,1,50.79999923706055
EKGYO.IS,19.440000534057617,0.4653142196847134,0.0039045365578266626,HOLD,AI_CURRENT,PAPER_ONLY,NO,1,19.440000534057617
YAYLA.IS,21.979999542236328,0.44131928842954027,0.00354746516144359,HOLD,AI_CURRENT,PAPER_ONLY,NO,1,21.979999542236328
GARAN.IS,131.39999389648438,0.4827524981722384,0.004567603370395622,HOLD,AI_CURRENT,PAPER_ONLY,NO,1,131.39999389648438
EGEEN.IS,5140.0,0.4366109124834747,0.0036541699292477825,HOLD,AI_CURRENT,PAPER_ONLY,NO,1,5140.0
NTGAZ.IS,11.300000190734863,0.48302697865886457,0.004744622651260995,HOLD,AI_CURRENT,PAPER_ONLY,NO,1,11.300000190734863
GOODY.IS,2.6500000953674316,0.4444574909697906,0.004132566243135427,HOLD,AI_CURRENT,PAPER_ONLY,NO,1,2.6500000953674316
ZOREN.IS,2.3499999046325684,0.4649032632965213,0.003701579204843033,HOLD,AI_CURRENT,PAPER_ONLY,NO,1,2.3499999046325684
BJKAS.IS,2.0,0.4160384962303952,0.009804817930817084,HOLD,AI_CURRENT,PAPER_ONLY,NO,1,2.0
KLGYO.IS,4.75,0.46210274412194907,0.004160551406639412,HOLD,AI_CURRENT,PAPER_ONLY,NO,1,4.75
BASGZ.IS,44.439998626708984,0.47362039054191574,0.004631926311470763,HOLD,AI_CURRENT,PAPER_ONLY,NO,1,44.439998626708984
ETILR.IS,5.690000057220459,0.43148053781731777,0.0019193812259276754,HOLD,AI_CURRENT,PAPER_ONLY,NO,1,5.690000057220459
ISSEN.IS,7.010000228881836,0.4766995425164514,0.0049088194206727085,HOLD,AI_CURRENT,PAPER_ONLY,NO,1,7.010000228881836
DUNYH.IS,109.0999984741211,0.4880905541717866,0.02110054440242582,HOLD,AI_CURRENT,PAPER_ONLY,NO,1,109.0999984741211
ENKAI.IS,87.25,0.49505645973237733,0.005473525901029313,HOLD,AI_CURRENT,PAPER_ONLY,NO,1,87.25
BRLSM.IS,19.25,0.43151485953205,0.008138728689324883,HOLD,AI_CURRENT,PAPER_ONLY,NO,1,19.25
GATEG.IS,284.0,0.46965167808385894,0.006462714726194886,HOLD,AI_CURRENT,PAPER_ONLY,NO,1,284.0
TDGYO.IS,16.6200008392334,0.46173495574662615,0.004235890938293118,HOLD,AI_CURRENT,PAPER_ONLY,NO,1,16.6200008392334
EMNIS.IS,155.8000030517578,0.46036472075755547,0.004196471680989085,HOLD,AI_CURRENT,PAPER_ONLY,NO,1,155.8000030517578
OYAKC.IS,21.559999465942383,0.4674895528914049,0.0034737979431343005,HOLD,AI_CURRENT,PAPER_ONLY,NO,1,21.559999465942383
OZKGY.IS,13.220000267028809,0.47366825550697944,0.004130897907169598,HOLD,AI_CURRENT,PAPER_ONLY,NO,1,13.220000267028809
BESLR.IS,12.84000015258789,0.46446354972957277,0.0036904508871604827,HOLD,AI_CURRENT,PAPER_ONLY,NO,1,12.84000015258789
BOSSA.IS,6.409999847412109,0.4587560099028872,0.003279608703820787,HOLD,AI_CURRENT,PAPER_ONLY,NO,1,6.409999847412109
MSGYO.IS,5.869999885559082,0.46526625812732425,0.004143728460623833,HOLD,AI_CURRENT,PAPER_ONLY,NO,1,5.869999885559082
ULUFA.IS,1.6799999475479126,0.4699740946182198,0.0036018414606906685,HOLD,AI_CURRENT,PAPER_ONLY,NO,1,1.6799999475479126
VERUS.IS,619.5,0.4400498589757394,-0.00595989043068744,HOLD,AI_CURRENT,PAPER_ONLY,NO,1,619.5
MPARK.IS,426.75,0.47215948120569384,0.005016853829478563,HOLD,AI_CURRENT,PAPER_ONLY,NO,1,426.75
HOROZ.IS,58.95000076293945,0.4538829636938163,0.0030152242056308213,HOLD,AI_CURRENT,PAPER_ONLY,NO,1,58.95000076293945
BERA.IS,13.619999885559082,0.4834216380573537,0.004716107080025043,HOLD,AI_CURRENT,PAPER_ONLY,NO,1,13.619999885559082
PLTUR.IS,20.479999542236328,0.46350333045039305,0.0039247185135493304,HOLD,AI_CURRENT,PAPER_ONLY,NO,1,20.479999542236328
MEKAG.IS,3.0199999809265137,0.4658446917739919,0.0035767582923901375,HOLD,AI_CURRENT,PAPER_ONLY,NO,1,3.0199999809265137
JANTS.IS,15.34000015258789,0.4656516293414019,0.003968829328945071,HOLD,AI_CURRENT,PAPER_ONLY,NO,1,15.34000015258789
TSKB.IS,10.970000267028809,0.4643891989773314,0.003826471390179004,HOLD,AI_CURRENT,PAPER_ONLY,NO,1,10.970000267028809
MACKO.IS,34.52000045776367,0.4624560384753208,0.003728209096935452,HOLD,AI_CURRENT,PAPER_ONLY,NO,1,34.52000045776367
BINBN.IS,174.5,0.4519054174068462,0.0025631536583545994,HOLD,AI_CURRENT,PAPER_ONLY,NO,1,174.5
ASGYO.IS,11.109999656677246,0.4793750753311245,0.004773616645658333,HOLD,AI_CURRENT,PAPER_ONLY,NO,1,11.109999656677246
VANGD.IS,94.0,0.45443739472035966,0.003538854531970119,HOLD,AI_CURRENT,PAPER_ONLY,NO,1,94.0
OTKAR.IS,312.0,0.4565318132436944,0.007497283252856897,HOLD,AI_CURRENT,PAPER_ONLY,NO,1,312.0
CUSAN.IS,24.100000381469727,0.46909583708748614,0.0054023438472332675,HOLD,AI_CURRENT,PAPER_ONLY,NO,1,24.100000381469727
DURDO.IS,5.0,0.47787112418050115,0.004525757576064195,HOLD,AI_CURRENT,PAPER_ONLY,NO,1,5.0
EBEBK.IS,81.75,0.47625797352680804,0.004061993150753589,HOLD,AI_CURRENT,PAPER_ONLY,NO,1,81.75
ONRYT.IS,59.099998474121094,0.4702561122789772,0.003430376934282847,HOLD,AI_CURRENT,PAPER_ONLY,NO,1,59.099998474121094
VRGYO.IS,1.7899999618530273,0.4880200074077305,0.0036276275453335613,HOLD,AI_CURRENT,PAPER_ONLY,NO,1,1.7899999618530273
OZSUB.IS,38.939998626708984,0.46221363407072824,0.003264038831335401,HOLD,AI_CURRENT,PAPER_ONLY,NO,1,38.939998626708984
YGGYO.IS,223.1999969482422,0.4614983094740429,0.0036834628668492766,HOLD,AI_CURRENT,PAPER_ONLY,NO,1,223.1999969482422
TRGYO.IS,94.05000305175781,0.4710101493161046,0.0037914013381933585,HOLD,AI_CURRENT,PAPER_ONLY,NO,1,94.05000305175781
TSPOR.IS,1.0299999713897705,0.46455943806164657,0.003273426125651663,HOLD,AI_CURRENT,PAPER_ONLY,NO,1,1.0299999713897705
BRKSN.IS,7.769999980926514,0.46998762511579784,0.004484442712244993,HOLD,AI_CURRENT,PAPER_ONLY,NO,1,7.769999980926514
HATEK.IS,12.800000190734863,0.43924786219052325,0.005406877578350991,HOLD,AI_CURRENT,PAPER_ONLY,NO,1,12.800000190734863
KORDS.IS,78.5,0.4268019062556021,0.0019100175474411072,HOLD,AI_CURRENT,PAPER_ONLY,NO,1,78.5
GLYHO.IS,16.639999389648438,0.45905495733670815,0.003602536960579602,HOLD,AI_CURRENT,PAPER_ONLY,NO,1,16.639999389648438
TURSG.IS,6.079999923706055,0.47265439842482737,0.004573589341290263,HOLD,AI_CURRENT,PAPER_ONLY,NO,1,6.079999923706055
KAYSE.IS,3.9800000190734863,0.4597141749599635,0.0037015568327540926,HOLD,AI_CURRENT,PAPER_ONLY,NO,1,3.9800000190734863
VKGYO.IS,1.899999976158142,0.46160194515143566,0.0040428363997541345,HOLD,AI_CURRENT,PAPER_ONLY,NO,1,1.899999976158142
TABGD.IS,241.0,0.46623189289499745,0.0031096308419168305,HOLD,AI_CURRENT,PAPER_ONLY,NO,1,241.0
ANHYT.IS,104.69999694824219,0.46467650491802903,0.0037061022690816105,HOLD,AI_CURRENT,PAPER_ONLY,NO,1,104.69999694824219
FMIZP.IS,288.25,0.4610474268642939,0.003343948873623689,HOLD,AI_CURRENT,PAPER_ONLY,NO,1,288.25
MNDRS.IS,11.029999732971191,0.4776585481460703,0.00422268765857249,HOLD,AI_CURRENT,PAPER_ONLY,NO,1,11.029999732971191
CASA.IS,69.0999984741211,0.46849462878763326,0.003901379399534774,HOLD,AI_CURRENT,PAPER_ONLY,NO,1,69.0999984741211
DOKTA.IS,22.239999771118164,0.45970553462778957,0.003741534380801597,HOLD,AI_CURRENT,PAPER_ONLY,NO,1,22.239999771118164
DURKN.IS,21.0,0.438553801504164,0.0020497668716722307,HOLD,AI_CURRENT,PAPER_ONLY,NO,1,21.0
LOGO.IS,133.60000610351562,0.4727108359216954,0.0037587912485784287,HOLD,AI_CURRENT,PAPER_ONLY,NO,1,133.60000610351562
BASCM.IS,13.75,0.47008869789920116,0.004533674829110894,HOLD,AI_CURRENT,PAPER_ONLY,NO,1,13.75
ULKER.IS,90.44999694824219,0.46132468308714514,0.00430936187470304,HOLD,AI_CURRENT,PAPER_ONLY,NO,1,90.44999694824219
ALTNY.IS,16.530000686645508,0.4399914250311028,0.0022325867049011335,HOLD,AI_CURRENT,PAPER_ONLY,NO,1,16.530000686645508
MHRGY.IS,2.200000047683716,0.4764207250173969,0.004251537011165089,HOLD,AI_CURRENT,PAPER_ONLY,NO,1,2.200000047683716
NUGYO.IS,9.020000457763672,0.4680668651606108,0.004251731638313787,HOLD,AI_CURRENT,PAPER_ONLY,NO,1,9.020000457763672
KLNMA.IS,8.850000381469727,0.46050478340311773,0.00359801622885113,HOLD,AI_CURRENT,PAPER_ONLY,NO,1,8.850000381469727
MARBL.IS,12.149999618530273,0.4456191933698437,0.00235814999223374,HOLD,AI_CURRENT,PAPER_ONLY,NO,1,12.149999618530273
FADE.IS,15.84000015258789,0.4678388814060341,0.004828279754561664,HOLD,AI_CURRENT,PAPER_ONLY,NO,1,15.84000015258789
FENER.IS,3.0899999141693115,0.46125426284698057,0.00336754324422748,HOLD,AI_CURRENT,PAPER_ONLY,NO,1,3.0899999141693115
AFYON.IS,12.359999656677246,0.46672946243000585,0.003300184794656985,HOLD,AI_CURRENT,PAPER_ONLY,NO,1,12.359999656677246
ECILC.IS,73.1500015258789,0.46315299889270384,0.004017023282664837,HOLD,AI_CURRENT,PAPER_ONLY,NO,1,73.1500015258789
TAVHL.IS,268.25,0.46654773726600174,0.0038168515562235572,HOLD,AI_CURRENT,PAPER_ONLY,NO,1,268.25
CMBTN.IS,1533.0,0.4676574656711007,0.0034850673602328354,HOLD,AI_CURRENT,PAPER_ONLY,NO,1,1533.0
NTHOL.IS,42.65999984741211,0.46136707191243287,0.0030273427120797473,HOLD,AI_CURRENT,PAPER_ONLY,NO,1,42.65999984741211
EGSER.IS,2.9000000953674316,0.4640083871620364,0.0031367294022188073,HOLD,AI_CURRENT,PAPER_ONLY,NO,1,2.9000000953674316
PAPIL.IS,12.550000190734863,0.45045654598087403,0.004052989674982952,HOLD,AI_CURRENT,PAPER_ONLY,NO,1,12.550000190734863
CLEBI.IS,1451.0,0.46528423744532327,0.003529775024353159,HOLD,AI_CURRENT,PAPER_ONLY,NO,1,1451.0
HTTBT.IS,36.439998626708984,0.47659931911794085,0.00486921383055741,HOLD,AI_CURRENT,PAPER_ONLY,NO,1,36.439998626708984
RGYAS.IS,196.60000610351562,0.43605037316314976,0.0007956656859779951,HOLD,AI_CURRENT,PAPER_ONLY,NO,1,196.60000610351562
OBAMS.IS,5.260000228881836,0.44469781717511314,0.0036618909188283343,HOLD,AI_CURRENT,PAPER_ONLY,NO,1,5.260000228881836
PCILT.IS,31.139999389648438,0.4650144304923223,0.0033632148451892994,HOLD,AI_CURRENT,PAPER_ONLY,NO,1,31.139999389648438
SASA.IS,2.2899999618530273,0.47439597002473255,0.003198567035810833,HOLD,AI_CURRENT,PAPER_ONLY,NO,1,2.2899999618530273
FORTE.IS,110.69999694824219,0.45631962502397216,0.00335545092893197,HOLD,AI_CURRENT,PAPER_ONLY,NO,1,110.69999694824219
IHLAS.IS,1.0499999523162842,0.4653408433999541,0.0038174353581671046,HOLD,AI_CURRENT,PAPER_ONLY,NO,1,1.0499999523162842
CEMTS.IS,8.75,0.4696802212560351,0.004308074073353823,HOLD,AI_CURRENT,PAPER_ONLY,NO,1,8.75
FROTO.IS,77.19999694824219,0.478451317093606,0.004176921200768541,HOLD,AI_CURRENT,PAPER_ONLY,NO,1,77.19999694824219
KLKIM.IS,26.260000228881836,0.4672887012498623,0.003781764464598763,HOLD,AI_CURRENT,PAPER_ONLY,NO,1,26.260000228881836
ULUUN.IS,8.300000190734863,0.4548027750086905,0.0035688599337125094,HOLD,AI_CURRENT,PAPER_ONLY,NO,1,8.300000190734863
BMSTL.IS,43.2400016784668,0.4581726335441958,0.002938443886905176,HOLD,AI_CURRENT,PAPER_ONLY,NO,1,43.2400016784668
ISBIR.IS,70.69999694824219,0.4599346928307295,0.0033635444803564564,HOLD,AI_CURRENT,PAPER_ONLY,NO,1,70.69999694824219
TUCLK.IS,3.809999942779541,0.45962944058077926,0.0031373443335213688,HOLD,AI_CURRENT,PAPER_ONLY,NO,1,3.809999942779541
PSDTC.IS,150.1999969482422,0.4329579172880891,0.0006917934466209487,HOLD,AI_CURRENT,PAPER_ONLY,NO,1,150.1999969482422
TUKAS.IS,1.9900000095367432,0.4780510284179852,0.00478594364906723,HOLD,AI_CURRENT,PAPER_ONLY,NO,1,1.9900000095367432
ADESE.IS,0.8500000238418579,0.46740477148694876,0.00408596343829578,HOLD,AI_CURRENT,PAPER_ONLY,NO,1,0.8500000238418579
GARFA.IS,26.459999084472656,0.45536256314095647,0.0035435231561429976,HOLD,AI_CURRENT,PAPER_ONLY,NO,1,26.459999084472656
DESPC.IS,39.459999084472656,0.4242820431109704,0.0010035383554918625,HOLD,AI_CURRENT,PAPER_ONLY,NO,1,39.459999084472656
ISFIN.IS,19.229999542236328,0.4578661091705969,0.003211169664966927,HOLD,AI_CURRENT,PAPER_ONLY,NO,1,19.229999542236328
BFREN.IS,125.80000305175781,0.45896071265660027,0.003048874292915826,HOLD,AI_CURRENT,PAPER_ONLY,NO,1,125.80000305175781
CCOLA.IS,79.0,0.47427065758074594,0.004111528620886748,HOLD,AI_CURRENT,PAPER_ONLY,NO,1,79.0
IHEVA.IS,1.9500000476837158,0.4649199966265447,0.0038978813298862196,HOLD,AI_CURRENT,PAPER_ONLY,NO,1,1.9500000476837158
DYOBY.IS,13.050000190734863,0.45807905885295286,0.003366131274278139,HOLD,AI_CURRENT,PAPER_ONLY,NO,1,13.050000190734863
GLCVY.IS,51.349998474121094,0.45918500534810835,0.003898310370868771,HOLD,AI_CURRENT,PAPER_ONLY,NO,1,51.349998474121094
MERIT.IS,15.59000015258789,0.4603138101380495,0.0034159078503330177,HOLD,AI_CURRENT,PAPER_ONLY,NO,1,15.59000015258789
ALCAR.IS,684.5,0.4641532318073125,0.0037981564271566317,HOLD,AI_CURRENT,PAPER_ONLY,NO,1,684.5
DGGYO.IS,32.81999969482422,0.4217921266773015,0.00030588219340271067,HOLD,AI_CURRENT,PAPER_ONLY,NO,1,32.81999969482422
OZGYO.IS,2.0299999713897705,0.4549294513627153,0.0033724504689243073,HOLD,AI_CURRENT,PAPER_ONLY,NO,1,2.0299999713897705
ODAS.IS,7.239999771118164,0.45950837190930527,0.003672509365037325,HOLD,AI_CURRENT,PAPER_ONLY,NO,1,7.239999771118164
VAKKO.IS,66.0,0.46162834595240115,0.003668719763807775,HOLD,AI_CURRENT,PAPER_ONLY,NO,1,66.0
TATGD.IS,17.510000228881836,0.46642917198039047,0.0036913369980772206,HOLD,AI_CURRENT,PAPER_ONLY,NO,1,17.510000228881836
TSGYO.IS,5.809999942779541,0.45867599211369553,0.0035208118418521366,HOLD,AI_CURRENT,PAPER_ONLY,NO,1,5.809999942779541
IHLGM.IS,1.5700000524520874,0.4660019420379292,0.004102040980077875,HOLD,AI_CURRENT,PAPER_ONLY,NO,1,1.5700000524520874
CEMAS.IS,4.079999923706055,0.4573967877004038,0.0033699185935350444,HOLD,AI_CURRENT,PAPER_ONLY,NO,1,4.079999923706055
EDIP.IS,35.2599983215332,0.4494947555471122,0.0015975552480464244,HOLD,AI_CURRENT,PAPER_ONLY,NO,1,35.2599983215332
HUBVC.IS,2.549999952316284,0.4750819806876349,0.0036903413660343354,HOLD,AI_CURRENT,PAPER_ONLY,NO,1,2.549999952316284
THYAO.IS,296.0,0.46368481209205803,0.003692013710685216,HOLD,AI_CURRENT,PAPER_ONLY,NO,1,296.0
GSRAY.IS,1.0199999809265137,0.47385000487649553,0.00344645609007335,HOLD,AI_CURRENT,PAPER_ONLY,NO,1,1.0199999809265137
SEKUR.IS,9.920000076293945,0.43035570649877924,-0.00021069328788241807,HOLD,AI_CURRENT,PAPER_ONLY,NO,1,9.920000076293945
GEREL.IS,38.52000045776367,0.43582622759434,0.00048827540507421314,HOLD,AI_CURRENT,PAPER_ONLY,NO,1,38.52000045776367
BIENY.IS,20.780000686645508,0.4602981491596181,0.0031592825837737323,HOLD,AI_CURRENT,PAPER_ONLY,NO,1,20.780000686645508
MAALT.IS,1006.0,0.45692951429032247,0.0035172447165547453,HOLD,AI_CURRENT,PAPER_ONLY,NO,1,1006.0
PGSUS.IS,148.6999969482422,0.47510102311631264,0.004110747800591948,HOLD,AI_CURRENT,PAPER_ONLY,NO,1,148.6999969482422
GLRMK.IS,163.6999969482422,0.44661403794784715,0.002876529775292814,HOLD,AI_CURRENT,PAPER_ONLY,NO,1,163.6999969482422
MAGEN.IS,33.900001525878906,0.4522500263875203,0.0030635322259050576,HOLD,AI_CURRENT,PAPER_ONLY,NO,1,33.900001525878906
NUHCM.IS,210.5,0.46271780638782933,0.0031532062028951707,HOLD,AI_CURRENT,PAPER_ONLY,NO,1,210.5
COSMO.IS,120.80000305175781,0.45439108230829084,0.0039677818968791925,HOLD,AI_CURRENT,PAPER_ONLY,NO,1,120.80000305175781
KARTN.IS,160.0,0.4448468146749842,0.0018100928660176833,HOLD,AI_CURRENT,PAPER_ONLY,NO,1,160.0
GOLTS.IS,291.75,0.4636834070237027,0.0029294884252399614,HOLD,AI_CURRENT,PAPER_ONLY,NO,1,291.75
ECZYT.IS,311.25,0.4585074476441455,0.0034437492408541043,HOLD,AI_CURRENT,PAPER_ONLY,NO,1,311.25
DOFER.IS,27.959999084472656,0.46234237466941,0.0024814785378186374,HOLD,AI_CURRENT,PAPER_ONLY,NO,1,27.959999084472656
PINSU.IS,10.109999656677246,0.4539291563049874,0.0032362131177974393,HOLD,AI_CURRENT,PAPER_ONLY,NO,1,10.109999656677246
MZHLD.IS,5.230000019073486,0.46086869725117086,0.0032727779326907204,HOLD,AI_CURRENT,PAPER_ONLY,NO,1,5.230000019073486
ENTRA.IS,4.320000171661377,0.45996035641418614,0.003168049792376045,HOLD,AI_CURRENT,PAPER_ONLY,NO,1,4.320000171661377
GLBMD.IS,11.600000381469727,0.46368869768582033,0.00418400828034878,HOLD,AI_CURRENT,PAPER_ONLY,NO,1,11.600000381469727
BNTAS.IS,6.170000076293945,0.46650706488224114,0.003117910783359245,HOLD,AI_CURRENT,PAPER_ONLY,NO,1,6.170000076293945
KNFRT.IS,11.869999885559082,0.46380653415774004,0.0038197817084816166,HOLD,AI_CURRENT,PAPER_ONLY,NO,1,11.869999885559082
EUREN.IS,3.8399999141693115,0.46297512803779645,0.003832268367773379,HOLD,AI_CURRENT,PAPER_ONLY,NO,1,3.8399999141693115
PARSN.IS,70.69999694824219,0.4699367140921935,0.0032263084399613293,HOLD,AI_CURRENT,PAPER_ONLY,NO,1,70.69999694824219
SANFM.IS,9.579999923706055,0.4355141554155024,0.0022616637711002723,HOLD,AI_CURRENT,PAPER_ONLY,NO,1,9.579999923706055
DNISI.IS,4.46999979019165,0.4601394761885659,0.0031751712797853165,HOLD,AI_CURRENT,PAPER_ONLY,NO,1,4.46999979019165
DESA.IS,9.75,0.4615128398793122,0.0035455453293364177,HOLD,AI_CURRENT,PAPER_ONLY,NO,1,9.75
CEOEM.IS,23.399999618530273,0.4652268931448552,0.0029297230436955155,HOLD,AI_CURRENT,PAPER_ONLY,NO,1,23.399999618530273
EREGL.IS,37.20000076293945,0.46326885586143074,0.0025896285788810855,HOLD,AI_CURRENT,PAPER_ONLY,NO,1,37.20000076293945
ALGYO.IS,3.5799999237060547,0.46046729456083724,0.004152330499503155,HOLD,AI_CURRENT,PAPER_ONLY,NO,1,3.5799999237060547
FRIGO.IS,2.3399999141693115,0.42937591862290453,0.0011194678798719206,HOLD,AI_CURRENT,PAPER_ONLY,NO,1,2.3399999141693115
BIZIM.IS,23.6200008392334,0.46137344153250903,0.0031257607906836414,HOLD,AI_CURRENT,PAPER_ONLY,NO,1,23.6200008392334
SISE.IS,39.08000183105469,0.4696611208285336,0.003767030679376845,HOLD,AI_CURRENT,PAPER_ONLY,NO,1,39.08000183105469
GENTS.IS,5.150000095367432,0.477477229969687,0.0037423510085912138,HOLD,AI_CURRENT,PAPER_ONLY,NO,1,5.150000095367432
ARMGD.IS,176.0,0.4404017104776857,-0.0014627891726658343,HOLD,AI_CURRENT,PAPER_ONLY,NO,1,176.0
BAYRK.IS,4.190000057220459,0.4630554407877136,0.0034887351165067623,HOLD,AI_CURRENT,PAPER_ONLY,NO,1,4.190000057220459
OYLUM.IS,7.170000076293945,0.46914885430007597,0.003601222668290432,HOLD,AI_CURRENT,PAPER_ONLY,NO,1,7.170000076293945
ALKIM.IS,15.300000190734863,0.4699837658616678,0.0038706377285848033,HOLD,AI_CURRENT,PAPER_ONLY,NO,1,15.300000190734863
ARCLK.IS,91.05000305175781,0.46718338701065204,0.0037985940835421105,HOLD,AI_CURRENT,PAPER_ONLY,NO,1,91.05000305175781
MARKA.IS,78.4000015258789,0.4493867123522082,0.0018086398819840343,HOLD,AI_CURRENT,PAPER_ONLY,NO,1,78.4000015258789
PENTA.IS,12.899999618530273,0.4649703482304145,0.00316397620860062,HOLD,AI_CURRENT,PAPER_ONLY,NO,1,12.899999618530273
PATEK.IS,19.469999313354492,0.4442494615172017,0.0026804515685279824,HOLD,AI_CURRENT,PAPER_ONLY,NO,1,19.469999313354492
SNGYO.IS,3.240000009536743,0.4649283808915414,0.003819639842193726,HOLD,AI_CURRENT,PAPER_ONLY,NO,1,3.240000009536743
YYLGD.IS,9.859999656677246,0.4616594792103761,0.00314811611116102,HOLD,AI_CURRENT,PAPER_ONLY,NO,1,9.859999656677246
AKFGY.IS,2.5199999809265137,0.4621693772746609,0.0033470459279683,HOLD,AI_CURRENT,PAPER_ONLY,NO,1,2.5199999809265137
SDTTR.IS,21.6200008392334,0.44986257866428775,0.0033916019659967957,HOLD,AI_CURRENT,PAPER_ONLY,NO,1,21.6200008392334
AKENR.IS,10.170000076293945,0.4545930150964417,0.00363067242089927,HOLD,AI_CURRENT,PAPER_ONLY,NO,1,10.170000076293945
INTEM.IS,244.89999389648438,0.4699781846624821,0.003436443374297787,HOLD,AI_CURRENT,PAPER_ONLY,NO,1,244.89999389648438
LIDFA.IS,2.5799999237060547,0.46527474579794936,0.003147918102573845,HOLD,AI_CURRENT,PAPER_ONLY,NO,1,2.5799999237060547
ESEN.IS,3.380000114440918,0.46475877198325605,0.0032276426330541553,HOLD,AI_CURRENT,PAPER_ONLY,NO,1,3.380000114440918
GSDDE.IS,12.819999694824219,0.4305274273919475,1.79342311638353e-05,HOLD,AI_CURRENT,PAPER_ONLY,NO,1,12.819999694824219
IHGZT.IS,1.159999966621399,0.4692342989423697,0.0035146354831914178,HOLD,AI_CURRENT,PAPER_ONLY,NO,1,1.159999966621399
ENDAE.IS,17.200000762939453,0.43365583414710607,0.0012688897941194148,HOLD,AI_CURRENT,PAPER_ONLY,NO,1,17.200000762939453
KLMSN.IS,27.5,0.46985670218074915,0.0040437942851745436,HOLD,AI_CURRENT,PAPER_ONLY,NO,1,27.5
EDATA.IS,17.75,0.4581973590101948,0.003711634942780936,HOLD,AI_CURRENT,PAPER_ONLY,NO,1,17.75
AYES.IS,29.940000534057617,0.45549014375356994,0.0030482030808577283,HOLD,AI_CURRENT,PAPER_ONLY,NO,1,29.940000534057617
SILVR.IS,2.1700000762939453,0.47432601499138966,0.003262066843657251,HOLD,AI_CURRENT,PAPER_ONLY,NO,1,2.1700000762939453
ADEL.IS,31.399999618530273,0.47481062238142924,0.0038806096707747224,HOLD,AI_CURRENT,PAPER_ONLY,NO,1,31.399999618530273
TTKOM.IS,51.900001525878906,0.4707194083909663,0.0038923232668075895,HOLD,AI_CURRENT,PAPER_ONLY,NO,1,51.900001525878906
MOBTL.IS,12.779999732971191,0.4682929600873005,0.0033512987568256308,HOLD,AI_CURRENT,PAPER_ONLY,NO,1,12.779999732971191
DAGI.IS,9.319999694824219,0.44675429321232885,0.0020326515690607346,HOLD,AI_CURRENT,PAPER_ONLY,NO,1,9.319999694824219
DOAS.IS,162.89999389648438,0.4679960994683563,0.00303815556431071,HOLD,AI_CURRENT,PAPER_ONLY,NO,1,162.89999389648438
BRYAT.IS,1654.0,0.46748723939492975,0.003456244372236336,HOLD,AI_CURRENT,PAPER_ONLY,NO,1,1654.0
MRSHL.IS,1580.0,0.43598237170002274,0.0017769031896833064,HOLD,AI_CURRENT,PAPER_ONLY,NO,1,1580.0
LILAK.IS,28.5,0.4545857088220495,0.0026661458081996903,HOLD,AI_CURRENT,PAPER_ONLY,NO,1,28.5
CIMSA.IS,43.779998779296875,0.46738908099810506,0.003439945153708669,HOLD,AI_CURRENT,PAPER_ONLY,NO,1,43.779998779296875
BYDNR.IS,35.7599983215332,0.45152556606261185,0.0033626424378693804,HOLD,AI_CURRENT,PAPER_ONLY,NO,1,35.7599983215332
AGYO.IS,7.130000114440918,0.461310618203674,0.003387027712781223,HOLD,AI_CURRENT,PAPER_ONLY,NO,1,7.130000114440918
KUTPO.IS,77.94999694824219,0.4667001392750129,0.0033625353468908614,HOLD,AI_CURRENT,PAPER_ONLY,NO,1,77.94999694824219
CONSE.IS,2.2300000190734863,0.4740115040559588,0.0035239033124164253,HOLD,AI_CURRENT,PAPER_ONLY,NO,1,2.2300000190734863
DMSAS.IS,8.1899995803833,0.4769384740308277,0.004185425974148388,HOLD,AI_CURRENT,PAPER_ONLY,NO,1,8.1899995803833
MAKTK.IS,9.760000228881836,0.4636262307715654,0.0036391699804154366,HOLD,AI_CURRENT,PAPER_ONLY,NO,1,9.760000228881836
AKMGY.IS,245.1999969482422,0.476313821027352,0.0034622927302509444,HOLD,AI_CURRENT,PAPER_ONLY,NO,1,245.1999969482422
BEGYO.IS,3.380000114440918,0.4469759838771464,0.0022363801217430974,HOLD,AI_CURRENT,PAPER_ONLY,NO,1,3.380000114440918
BANVT.IS,149.0,0.4683443862881518,0.0031196642080060823,HOLD,AI_CURRENT,PAPER_ONLY,NO,1,149.0
TCELL.IS,98.1500015258789,0.46697327291453977,0.003377504206293025,HOLD,AI_CURRENT,PAPER_ONLY,NO,1,98.1500015258789
DERIM.IS,34.279998779296875,0.47184955929217287,0.003140663030597907,HOLD,AI_CURRENT,PAPER_ONLY,NO,1,34.279998779296875
MNDTR.IS,4.909999847412109,0.47421507009901714,0.0034130058097513066,HOLD,AI_CURRENT,PAPER_ONLY,NO,1,4.909999847412109
HDFGS.IS,2.4100000858306885,0.44207159327267,0.002264236795407097,HOLD,AI_CURRENT,PAPER_ONLY,NO,1,2.4100000858306885
AKFYE.IS,22.459999084472656,0.45400734966798967,0.0031903997037284002,HOLD,AI_CURRENT,PAPER_ONLY,NO,1,22.459999084472656
MEDTR.IS,24.559999465942383,0.4669804055154373,0.0033374336204696152,HOLD,AI_CURRENT,PAPER_ONLY,NO,1,24.559999465942383
EUHOL.IS,9.979999542236328,0.47601200372535696,0.00509590436692191,HOLD,AI_CURRENT,PAPER_ONLY,NO,1,9.979999542236328
YYAPI.IS,0.800000011920929,0.47434990370105257,0.003479000041984118,HOLD,AI_CURRENT,PAPER_ONLY,NO,1,0.800000011920929
DMRGD.IS,10.699999809265137,0.4488156075832933,0.001939969122633699,HOLD,AI_CURRENT,PAPER_ONLY,NO,1,10.699999809265137
GOZDE.IS,21.6200008392334,0.47308532832474837,0.003551172844077138,HOLD,AI_CURRENT,PAPER_ONLY,NO,1,21.6200008392334
AKGRT.IS,6.090000152587891,0.4790624829131679,0.0037109569640202547,HOLD,AI_CURRENT,PAPER_ONLY,NO,1,6.090000152587891
SEGMN.IS,46.79999923706055,0.44292084845246177,-0.00021100596812107224,HOLD,AI_CURRENT,PAPER_ONLY,NO,1,46.79999923706055
AEFES.IS,18.450000762939453,0.4824277622080472,0.00431782243089948,HOLD,AI_CURRENT,PAPER_ONLY,NO,1,18.450000762939453
PKENT.IS,122.4000015258789,0.4729075031792052,0.0029918923047536324,HOLD,AI_CURRENT,PAPER_ONLY,NO,1,122.4000015258789
ANSGR.IS,26.18000030517578,0.46410350656951027,0.003727643689780912,HOLD,AI_CURRENT,PAPER_ONLY,NO,1,26.18000030517578
LKMNH.IS,12.970000267028809,0.4681526213293475,0.003017496418409718,HOLD,AI_CURRENT,PAPER_ONLY,NO,1,12.970000267028809
QNBFK.IS,40.70000076293945,0.4397679184697348,0.0015495487179332432,HOLD,AI_CURRENT,PAPER_ONLY,NO,1,40.70000076293945
INGRM.IS,371.5,0.4692922915393368,0.002625724828333247,HOLD,AI_CURRENT,PAPER_ONLY,NO,1,371.5
SODSN.IS,7.349999904632568,0.47889544351145974,0.0031866108584636013,HOLD,AI_CURRENT,PAPER_ONLY,NO,1,7.349999904632568
GWIND.IS,22.34000015258789,0.46835034095850936,0.0033882440450452725,HOLD,AI_CURRENT,PAPER_ONLY,NO,1,22.34000015258789
EPLAS.IS,5.46999979019165,0.4601210656086157,0.0031670023114919134,HOLD,AI_CURRENT,PAPER_ONLY,NO,1,5.46999979019165
TLMAN.IS,77.3499984741211,0.46551985324387,0.0029411075813204285,HOLD,AI_CURRENT,PAPER_ONLY,NO,1,77.3499984741211
HATSN.IS,60.0,0.43497535934001236,0.005498013766592648,HOLD,AI_CURRENT,PAPER_ONLY,NO,1,60.0
GEDZA.IS,27.459999084472656,0.46707691783674277,0.003120333815893084,HOLD,AI_CURRENT,PAPER_ONLY,NO,1,27.459999084472656
MTRYO.IS,8.59000015258789,0.47539300339785034,0.0031962810940987644,HOLD,AI_CURRENT,PAPER_ONLY,NO,1,8.59000015258789
LMKDC.IS,22.559999465942383,0.4554962594807367,0.00268887489743489,HOLD,AI_CURRENT,PAPER_ONLY,NO,1,22.559999465942383
SRVGY.IS,2.4200000762939453,0.4723243667467714,0.0032420169249093213,HOLD,AI_CURRENT,PAPER_ONLY,NO,1,2.4200000762939453
AKSA.IS,10.75,0.46986646881779903,0.0037389999699741373,HOLD,AI_CURRENT,PAPER_ONLY,NO,1,10.75
MAVI.IS,36.220001220703125,0.46702778710849585,0.0031005290935137257,HOLD,AI_CURRENT,PAPER_ONLY,NO,1,36.220001220703125
KOTON.IS,12.039999961853027,0.4472170755015748,0.0019910234398753664,HOLD,AI_CURRENT,PAPER_ONLY,NO,1,12.039999961853027
ATEKS.IS,96.6500015258789,0.43900680786539037,0.0020133558211408113,HOLD,AI_CURRENT,PAPER_ONLY,NO,1,96.6500015258789
BRISA.IS,74.69999694824219,0.4729874200902917,0.003220465291880502,HOLD,AI_CURRENT,PAPER_ONLY,NO,1,74.69999694824219
KFEIN.IS,7.889999866485596,0.4695561750230018,0.003486442086950774,HOLD,AI_CURRENT,PAPER_ONLY,NO,1,7.889999866485596
ICBCT.IS,19.459999084472656,0.467776842454092,0.0032710278511473585,HOLD,AI_CURRENT,PAPER_ONLY,NO,1,19.459999084472656
OYYAT.IS,34.2599983215332,0.4722038103092472,0.0034159253943796984,HOLD,AI_CURRENT,PAPER_ONLY,NO,1,34.2599983215332
VAKFN.IS,1.1299999952316284,0.47520980821319636,0.0033549693732097055,HOLD,AI_CURRENT,PAPER_ONLY,NO,1,1.1299999952316284
ACSEL.IS,113.5999984741211,0.46532415594529586,0.002545760602056564,HOLD,AI_CURRENT,PAPER_ONLY,NO,1,113.5999984741211
QNBTR.IS,182.60000610351562,0.4789326017728242,0.003170428640433394,HOLD,AI_CURRENT,PAPER_ONLY,NO,1,182.60000610351562
RAYSG.IS,153.89999389648438,0.47284494181376224,0.0031949418883484024,HOLD,AI_CURRENT,PAPER_ONLY,NO,1,153.89999389648438
TKNSA.IS,16.65999984741211,0.4768054266368022,0.00477938185032806,HOLD,AI_CURRENT,PAPER_ONLY,NO,1,16.65999984741211
SAMAT.IS,5.179999828338623,0.46186470082421277,0.0028031740772246423,HOLD,AI_CURRENT,PAPER_ONLY,NO,1,5.179999828338623
AKSEN.IS,78.80000305175781,0.45591035567309485,0.0036036270537309215,HOLD,AI_CURRENT,PAPER_ONLY,NO,1,78.80000305175781
BVSAN.IS,100.69999694824219,0.48277789243751773,0.003393666464597743,HOLD,AI_CURRENT,PAPER_ONLY,NO,1,100.69999694824219
ERBOS.IS,145.60000610351562,0.47547549218107366,0.0032528797543176693,HOLD,AI_CURRENT,PAPER_ONLY,NO,1,145.60000610351562
RUZYE.IS,8.069999694824219,0.4313527754032843,0.0029030377661266376,HOLD,AI_CURRENT,PAPER_ONLY,NO,1,8.069999694824219
BINHO.IS,9.180000305175781,0.457860798608958,0.00279957090983281,HOLD,AI_CURRENT,PAPER_ONLY,NO,1,9.180000305175781
IHYAY.IS,1.2000000476837158,0.4751886375655707,0.0032619928794954565,HOLD,AI_CURRENT,PAPER_ONLY,NO,1,1.2000000476837158
AKYHO.IS,2.0899999141693115,0.4704315239280344,0.003935499288762455,HOLD,AI_CURRENT,PAPER_ONLY,NO,1,2.0899999141693115
YAPRK.IS,10.520000457763672,0.4759561714774023,0.003476823241169817,HOLD,AI_CURRENT,PAPER_ONLY,NO,1,10.520000457763672
ALKA.IS,7.829999923706055,0.488102616290515,0.003121543337980922,HOLD,AI_CURRENT,PAPER_ONLY,NO,1,7.829999923706055
ANGEN.IS,8.770000457763672,0.47920997567710505,0.0030281350258023827,HOLD,AI_CURRENT,PAPER_ONLY,NO,1,8.770000457763672
LUKSK.IS,82.3499984741211,0.48076284335970454,0.0027772012030991937,HOLD,AI_CURRENT,PAPER_ONLY,NO,1,82.3499984741211
USAK.IS,1.190000057220459,0.4794154297900396,0.003332434192134243,HOLD,AI_CURRENT,PAPER_ONLY,NO,1,1.190000057220459
ERSU.IS,23.0,0.4718996649414434,0.0038926883793724693,HOLD,AI_CURRENT,PAPER_ONLY,NO,1,23.0
UNLU.IS,10.449999809265137,0.4812641025343093,0.003428285106162136,HOLD,AI_CURRENT,PAPER_ONLY,NO,1,10.449999809265137
DERHL.IS,2.049999952316284,0.47508611123070754,0.0038174785955200335,HOLD,AI_CURRENT,PAPER_ONLY,NO,1,2.049999952316284
EUYO.IS,4.840000152587891,0.4644983263938832,0.004356852955043029,HOLD,AI_CURRENT,PAPER_ONLY,NO,1,4.840000152587891
MOPAS.IS,25.639999389648438,0.4622321104874856,0.004410376565803068,HOLD,AI_CURRENT,PAPER_ONLY,NO,1,25.639999389648438
CMENT.IS,252.5,0.48480391385712557,0.0037604654053999677,HOLD,AI_CURRENT,PAPER_ONLY,NO,1,252.5
ASUZU.IS,46.619998931884766,0.4801736511037561,0.002892521429342854,HOLD,AI_CURRENT,PAPER_ONLY,NO,1,46.619998931884766
OSTIM.IS,1.5199999809265137,0.4714316197809794,0.003405772874739467,HOLD,AI_CURRENT,PAPER_ONLY,NO,1,1.5199999809265137
PENGD.IS,8.930000305175781,0.48707151822095823,0.0037012016310313403,HOLD,AI_CURRENT,PAPER_ONLY,NO,1,8.930000305175781
GRSEL.IS,298.0,0.4759652426306171,0.003864179107848868,HOLD,AI_CURRENT,PAPER_ONLY,NO,1,298.0
MEPET.IS,18.700000762939453,0.4650861385656083,0.003297144820257269,HOLD,AI_CURRENT,PAPER_ONLY,NO,1,18.700000762939453
INVEO.IS,6.659999847412109,0.47460057818066503,0.002940525899636699,HOLD,AI_CURRENT,PAPER_ONLY,NO,1,6.659999847412109
KLSER.IS,22.979999542236328,0.4790195649370429,0.003055796447609339,HOLD,AI_CURRENT,PAPER_ONLY,NO,1,22.979999542236328
TCKRC.IS,137.5,0.452316184649209,0.0009124317807928822,HOLD,AI_CURRENT,PAPER_ONLY,NO,1,137.5
AYCES.IS,440.75,0.477473302187143,0.003528921113655349,HOLD,AI_CURRENT,PAPER_ONLY,NO,1,440.75
KENT.IS,351.25,0.46566716702703614,0.0044284530310872705,HOLD,AI_CURRENT,PAPER_ONLY,NO,1,351.25
ASTOR.IS,295.0,0.4464292402864531,-0.00014632939610108179,HOLD,AI_CURRENT,PAPER_ONLY,NO,1,295.0
YKSLN.IS,2.630000114440918,0.47948005015440587,0.003156786346522481,HOLD,AI_CURRENT,PAPER_ONLY,NO,1,2.630000114440918
YATAS.IS,30.299999237060547,0.48220742921842474,0.00444090192861086,HOLD,AI_CURRENT,PAPER_ONLY,NO,1,30.299999237060547
ATAGY.IS,9.739999771118164,0.4810321949141534,0.00316566130194641,HOLD,AI_CURRENT,PAPER_ONLY,NO,1,9.739999771118164
RNPOL.IS,2.2799999713897705,0.45829947543807664,0.004084145125558155,HOLD,AI_CURRENT,PAPER_ONLY,NO,1,2.2799999713897705
KIMMR.IS,13.010000228881836,0.4811704870252894,0.003119062298152763,HOLD,AI_CURRENT,PAPER_ONLY,NO,1,13.010000228881836
MERKO.IS,1.2400000095367432,0.4572070984677601,0.004365090156397351,HOLD,AI_CURRENT,PAPER_ONLY,NO,1,1.2400000095367432
SARKY.IS,23.479999542236328,0.4915188545070491,0.003334660156926376,HOLD,AI_CURRENT,PAPER_ONLY,NO,1,23.479999542236328
FONET.IS,4.690000057220459,0.46729872065002864,0.0040938864304723875,HOLD,AI_CURRENT,PAPER_ONLY,NO,1,4.690000057220459
YESIL.IS,1.1299999952316284,0.48262809191238326,0.0033546097940173546,HOLD,AI_CURRENT,PAPER_ONLY,NO,1,1.1299999952316284
EGEGY.IS,26.299999237060547,0.4648096187001278,0.004188789281692782,HOLD,AI_CURRENT,PAPER_ONLY,NO,1,26.299999237060547
OYAYO.IS,41.0,0.4804157170904685,0.004875874024770369,HOLD,AI_CURRENT,PAPER_ONLY,NO,1,41.0
KRVGD.IS,2.2200000286102295,0.4932715129122563,0.004113376468952136,HOLD,AI_CURRENT,PAPER_ONLY,NO,1,2.2200000286102295
KOCMT.IS,4.110000133514404,0.47980907302776477,0.006296494998250209,HOLD,AI_CURRENT,PAPER_ONLY,NO,1,4.110000133514404
SEYKM.IS,4.25,0.48287212199860663,0.0037504201100215656,HOLD,AI_CURRENT,PAPER_ONLY,NO,1,4.25
SMART.IS,22.719999313354492,0.45934005294562963,0.0028691418416290507,HOLD,AI_CURRENT,PAPER_ONLY,NO,1,22.719999313354492
RTALB.IS,2.759999990463257,0.4878617856001468,0.002968879184036476,HOLD,AI_CURRENT,PAPER_ONLY,NO,1,2.759999990463257
BULGS.IS,31.459999084472656,0.46842743452291247,0.00572029259435043,HOLD,AI_CURRENT,PAPER_ONLY,NO,1,31.459999084472656
DARDL.IS,1.5700000524520874,0.47670047378481806,0.003305403681700076,HOLD,AI_CURRENT,PAPER_ONLY,NO,1,1.5700000524520874
ZEDUR.IS,7.440000057220459,0.47763088683331956,0.003073912634609214,HOLD,AI_CURRENT,PAPER_ONLY,NO,1,7.440000057220459
PRKAB.IS,30.299999237060547,0.489905980042299,0.0049985120478573475,HOLD,AI_CURRENT,PAPER_ONLY,NO,1,30.299999237060547
PAGYO.IS,138.0,0.4673602579119475,0.003381936033731201,HOLD,AI_CURRENT,PAPER_ONLY,NO,1,138.0
VKFYO.IS,21.860000610351562,0.48196436395384185,0.003643094204844472,HOLD,AI_CURRENT,PAPER_ONLY,NO,1,21.860000610351562
PRDGS.IS,7.079999923706055,0.4551167379154902,0.0025016637995115,HOLD,AI_CURRENT,PAPER_ONLY,NO,1,7.079999923706055
VKING.IS,20.3799991607666,0.478853255500277,0.0032864121649319126,HOLD,AI_CURRENT,PAPER_ONLY,NO,1,20.3799991607666
QUAGR.IS,3.069999933242798,0.47146473740541495,0.0037431588543548728,HOLD,AI_CURRENT,PAPER_ONLY,NO,1,3.069999933242798
ERCB.IS,43.31999969482422,0.46267867300688603,0.004525428514309128,HOLD,AI_CURRENT,PAPER_ONLY,NO,1,43.31999969482422
PAMEL.IS,71.30000305175781,0.4741232032504532,0.0034482944575309994,HOLD,AI_CURRENT,PAPER_ONLY,NO,1,71.30000305175781
PNLSN.IS,39.79999923706055,0.48334188162518976,0.004083697005096164,HOLD,AI_CURRENT,PAPER_ONLY,NO,1,39.79999923706055
ISGYO.IS,23.700000762939453,0.4786172011484307,0.0055067804319288306,HOLD,AI_CURRENT,PAPER_ONLY,NO,1,23.700000762939453
YBTAS.IS,13.0,0.4928661567143283,0.004427191186193561,HOLD,AI_CURRENT,PAPER_ONLY,NO,1,13.0
GLRYH.IS,2.9000000953674316,0.47721327705130456,0.004171332641617799,HOLD,AI_CURRENT,PAPER_ONLY,NO,1,2.9000000953674316
AYEN.IS,30.020000457763672,0.47953184231661106,0.003396729626706888,HOLD,AI_CURRENT,PAPER_ONLY,NO,1,30.020000457763672
POLTK.IS,4015.0,0.48352225321438924,0.005257217523611161,HOLD,AI_CURRENT,PAPER_ONLY,NO,1,4015.0
ORMA.IS,151.0,0.48661503586403765,0.0037232764377282245,HOLD,AI_CURRENT,PAPER_ONLY,NO,1,151.0
BURCE.IS,33.0,0.4695163609015906,0.004192350447116463,HOLD,AI_CURRENT,PAPER_ONLY,NO,1,33.0
GIPTA.IS,69.25,0.4561770257371812,0.006793693232992729,HOLD,AI_CURRENT,PAPER_ONLY,NO,1,69.25
YONGA.IS,43.400001525878906,0.4881785065127091,0.00517694337859745,HOLD,AI_CURRENT,PAPER_ONLY,NO,1,43.400001525878906
GSDHO.IS,4.5,0.45876411527470706,0.0031304927963450658,HOLD,AI_CURRENT,PAPER_ONLY,NO,1,4.5
SUMAS.IS,255.0,0.4732697147363507,0.0030956126139614765,HOLD,AI_CURRENT,PAPER_ONLY,NO,1,255.0
IMASM.IS,2.2100000381469727,0.4751772070626633,0.00558609508451407,HOLD,AI_CURRENT,PAPER_ONLY,NO,1,2.2100000381469727
BEYAZ.IS,21.579999923706055,0.49973937842056876,0.003956846550080032,HOLD,AI_CURRENT,PAPER_ONLY,NO,1,21.579999923706055
MAKIM.IS,14.800000190734863,0.48133547136865257,0.0035126955008564233,HOLD,AI_CURRENT,PAPER_ONLY,NO,1,14.800000190734863
KCAER.IS,13.899999618530273,0.49219483931556507,0.005041531242589896,HOLD,AI_CURRENT,PAPER_ONLY,NO,1,13.899999618530273
KERVN.IS,8.300000190734863,0.46815748996299344,0.006003350176284819,HOLD,AI_CURRENT,PAPER_ONLY,NO,1,8.300000190734863
KSTUR.IS,2209.0,0.47791838947505016,0.0051207208390331455,HOLD,AI_CURRENT,PAPER_ONLY,NO,1,2209.0
SEGYO.IS,3.569999933242798,0.4914529044727387,0.003979913549048803,HOLD,AI_CURRENT,PAPER_ONLY,NO,1,3.569999933242798
ISKPL.IS,7.25,0.45215621491844027,0.0004944603965461414,HOLD,AI_CURRENT,PAPER_ONLY,NO,1,7.25
ALFAS.IS,38.560001373291016,0.4693198515291216,0.0032996436547114687,HOLD,AI_CURRENT,PAPER_ONLY,NO,1,38.560001373291016
OBASE.IS,34.81999969482422,0.48994103764168384,0.0045720695712229125,HOLD,AI_CURRENT,PAPER_ONLY,NO,1,34.81999969482422
ESCOM.IS,5.079999923706055,0.46281011591450427,0.0036578202525686856,HOLD,AI_CURRENT,PAPER_ONLY,NO,1,5.079999923706055
SMRVA.IS,10.460000038146973,0.4632941690208304,0.00478442299553597,HOLD,AI_CURRENT,PAPER_ONLY,NO,1,10.460000038146973
TMSN.IS,70.55000305175781,0.49028058418091985,0.004206116498027738,HOLD,AI_CURRENT,PAPER_ONLY,NO,1,70.55000305175781
HEKTS.IS,2.640000104904175,0.47597899354161693,0.0027286616996910745,HOLD,AI_CURRENT,PAPER_ONLY,NO,1,2.640000104904175
MEGAP.IS,1.649999976158142,0.4803388232080264,0.004475430916668438,HOLD,AI_CURRENT,PAPER_ONLY,NO,1,1.649999976158142
IHAAS.IS,50.5,0.44495309771899416,0.0005590863780173074,HOLD,AI_CURRENT,PAPER_ONLY,NO,1,50.5
INTEK.IS,230.6999969482422,0.47291963021024863,0.004876687506440888,HOLD,AI_CURRENT,PAPER_ONLY,NO,1,230.6999969482422
ORCAY.IS,3.2799999713897705,0.5038783706007909,0.00486405438194396,HOLD,AI_CURRENT,PAPER_ONLY,NO,1,3.2799999713897705
DOGUB.IS,66.30000305175781,0.4667663730797149,0.004334079382374278,HOLD,AI_CURRENT,PAPER_ONLY,NO,1,66.30000305175781
REEDR.IS,5.480000019073486,0.4829634977306503,0.004625910319275315,HOLD,AI_CURRENT,PAPER_ONLY,NO,1,5.480000019073486
SNICA.IS,3.0999999046325684,0.47273369656720354,0.0027883636447740604,HOLD,AI_CURRENT,PAPER_ONLY,NO,1,3.0999999046325684
A1YEN.IS,2.549999952316284,0.48316221837958073,0.003755652623711102,HOLD,AI_CURRENT,PAPER_ONLY,NO,1,2.549999952316284
KRSTL.IS,8.739999771118164,0.5022618572295922,0.00533331779393861,HOLD,AI_CURRENT,PAPER_ONLY,NO,1,8.739999771118164
ELITE.IS,26.1200008392334,0.4771406659508107,0.0032778335178139054,HOLD,AI_CURRENT,PAPER_ONLY,NO,1,26.1200008392334
MGROS.IS,527.0,0.4923598925480949,0.0054099192544387244,HOLD,AI_CURRENT,PAPER_ONLY,NO,1,527.0
KTSKR.IS,77.0,0.4943471193500206,0.00553497876098215,HOLD,AI_CURRENT,PAPER_ONLY,NO,1,77.0
ARZUM.IS,1.5199999809265137,0.47886119362684004,0.004406073790638817,HOLD,AI_CURRENT,PAPER_ONLY,NO,1,1.5199999809265137
GZNMI.IS,52.95000076293945,0.4668422669843708,0.0046691022334355865,HOLD,AI_CURRENT,PAPER_ONLY,NO,1,52.95000076293945
KLRHO.IS,63.25,0.4722817782385036,0.0061807960350166264,HOLD,AI_CURRENT,PAPER_ONLY,NO,1,63.25
LRSHO.IS,2.4100000858306885,0.4814477338291189,0.0061781644580665325,HOLD,AI_CURRENT,PAPER_ONLY,NO,1,2.4100000858306885
TRILC.IS,1.0499999523162842,0.4660586538443638,0.003852447101355929,HOLD,AI_CURRENT,PAPER_ONLY,NO,1,1.0499999523162842
PSGYO.IS,3.0299999713897705,0.47279290781399114,0.0033870777302047925,HOLD,AI_CURRENT,PAPER_ONLY,NO,1,3.0299999713897705
TUREX.IS,5.980000019073486,0.4808756522085995,0.0035907493878122474,HOLD,AI_CURRENT,PAPER_ONLY,NO,1,5.980000019073486
GEDIK.IS,5.730000019073486,0.4684017278128641,0.0056951614751677825,HOLD,AI_CURRENT,PAPER_ONLY,NO,1,5.730000019073486
HRKET.IS,85.05000305175781,0.4555290613684433,0.001414936508178447,HOLD,AI_CURRENT,PAPER_ONLY,NO,1,85.05000305175781
TEKTU.IS,7.170000076293945,0.48045015156738646,0.003296936709674056,HOLD,AI_CURRENT,PAPER_ONLY,NO,1,7.170000076293945
KMPUR.IS,18.149999618530273,0.4928044601400165,0.005495508445010889,HOLD,AI_CURRENT,PAPER_ONLY,NO,1,18.149999618530273
SUNTK.IS,32.7400016784668,0.4812233175382785,0.005938868568482687,HOLD,AI_CURRENT,PAPER_ONLY,NO,1,32.7400016784668
SANEL.IS,53.70000076293945,0.4617275178488267,0.005118050075153492,HOLD,AI_CURRENT,PAPER_ONLY,NO,1,53.70000076293945
LINK.IS,5.21999979019165,0.4854551652097807,0.005710789274990094,HOLD,AI_CURRENT,PAPER_ONLY,NO,1,5.21999979019165
ATAKP.IS,41.7400016784668,0.49580450248503377,0.005972512066641031,HOLD,AI_CURRENT,PAPER_ONLY,NO,1,41.7400016784668
IZINV.IS,49.0,0.504470967720084,0.005777144534564797,HOLD,AI_CURRENT,PAPER_ONLY,NO,1,49.0
PASEU.IS,158.39999389648438,0.3631310266371505,-0.06368737633832891,SELL,AI_CURRENT,PAPER_ONLY,NO,1,158.39999389648438
OSMEN.IS,6.860000133514404,0.4773814737229948,0.006201545318838812,HOLD,AI_CURRENT,PAPER_ONLY,NO,1,6.860000133514404
ARENA.IS,19.3700008392334,0.47328249363642794,0.004636148651389648,HOLD,AI_CURRENT,PAPER_ONLY,NO,1,19.3700008392334
ATLAS.IS,5.889999866485596,0.5062151379486367,0.006640101316382603,HOLD,AI_CURRENT,PAPER_ONLY,NO,1,5.889999866485596
AVHOL.IS,33.58000183105469,0.4911654863634688,0.006404118965961226,HOLD,AI_CURRENT,PAPER_ONLY,NO,1,33.58000183105469
NATEN.IS,5.050000190734863,0.48595112905663557,0.004552046844134825,HOLD,AI_CURRENT,PAPER_ONLY,NO,1,5.050000190734863
CRDFA.IS,26.0,0.46627268363789814,0.006515489833656581,HOLD,AI_CURRENT,PAPER_ONLY,NO,1,26.0
KAREL.IS,8.100000381469727,0.47418234104982826,0.005954430510740268,HOLD,AI_CURRENT,PAPER_ONLY,NO,1,8.100000381469727
KOPOL.IS,5.0,0.4914694603434242,0.005282474176756299,HOLD,AI_CURRENT,PAPER_ONLY,NO,1,5.0
SELVA.IS,1.5399999618530273,0.4857968016593094,0.006470994154197222,HOLD,AI_CURRENT,PAPER_ONLY,NO,1,1.5399999618530273
EKIZ.IS,57.04999923706055,0.49811357653052435,0.006872436900505393,HOLD,AI_CURRENT,PAPER_ONLY,NO,1,57.04999923706055
KZBGY.IS,1.840000033378601,0.4791195866896487,0.0051666068897330275,HOLD,AI_CURRENT,PAPER_ONLY,NO,1,1.840000033378601
DGATE.IS,89.30000305175781,0.45988485831265646,0.004472883616929967,HOLD,AI_CURRENT,PAPER_ONLY,NO,1,89.30000305175781
VSNMD.IS,40.900001525878906,0.4812742053820871,0.007860782324174208,HOLD,AI_CURRENT,PAPER_ONLY,NO,1,40.900001525878906
AGROT.IS,1.940000057220459,0.48606016107235606,0.007766010199055881,HOLD,AI_CURRENT,PAPER_ONLY,NO,1,1.940000057220459
CGCAM.IS,32.400001525878906,0.4715872658088942,0.006626767530898822,HOLD,AI_CURRENT,PAPER_ONLY,NO,1,32.400001525878906
BAKAB.IS,37.5,0.4964531051558553,0.007472512901618277,HOLD,AI_CURRENT,PAPER_ONLY,NO,1,37.5
AZTEK.IS,3.6500000953674316,0.5098280916495984,0.008321446358187441,HOLD,AI_CURRENT,PAPER_ONLY,NO,1,3.6500000953674316
MMCAS.IS,46.70000076293945,0.47506793302485917,0.006102762708911061,HOLD,AI_CURRENT,PAPER_ONLY,NO,1,46.70000076293945
DAPGM.IS,7.650000095367432,0.4961176923363805,0.006676395277416956,HOLD,AI_CURRENT,PAPER_ONLY,NO,1,7.650000095367432
EKSUN.IS,5.579999923706055,0.48724304564892945,0.004060330580767844,HOLD,AI_CURRENT,PAPER_ONLY,NO,1,5.579999923706055
EKOS.IS,4.820000171661377,0.4712292352767553,0.005862817740814447,HOLD,AI_CURRENT,PAPER_ONLY,NO,1,4.820000171661377
DGNMO.IS,7.139999866485596,0.4998644477647214,0.007052737821725221,HOLD,AI_CURRENT,PAPER_ONLY,NO,1,7.139999866485596
MERCN.IS,16.920000076293945,0.5068464655515679,0.00723266314689089,HOLD,AI_CURRENT,PAPER_ONLY,NO,1,16.920000076293945
GRTHO.IS,197.39999389648438,0.48358947954615567,0.006439914438937168,HOLD,AI_CURRENT,PAPER_ONLY,NO,1,197.39999389648438
ALCTL.IS,116.0,0.4757551165226966,0.007032944448286513,HOLD,AI_CURRENT,PAPER_ONLY,NO,1,116.0
YEOTK.IS,32.2400016784668,0.46687727127425094,0.005001367544343894,HOLD,AI_CURRENT,PAPER_ONLY,NO,1,32.2400016784668
AHSGY.IS,14.229999542236328,0.4841084447723969,0.00912142077030253,HOLD,AI_CURRENT,PAPER_ONLY,NO,1,14.229999542236328
AKSUE.IS,29.700000762939453,0.4723936295065738,0.00278744348292067,HOLD,AI_CURRENT,PAPER_ONLY,NO,1,29.700000762939453
ULUSE.IS,228.6999969482422,0.5073641158093153,0.009282688254253853,HOLD,AI_CURRENT,PAPER_ONLY,NO,1,228.6999969482422
LYDHO.IS,145.6999969482422,0.4856214545485911,0.007212094119096678,HOLD,AI_CURRENT,PAPER_ONLY,NO,1,145.6999969482422
SEKFK.IS,4.429999828338623,0.4612083504789482,0.003606266137199576,HOLD,AI_CURRENT,PAPER_ONLY,NO,1,4.429999828338623
BMSCH.IS,10.039999961853027,0.5093332571357889,0.009526990980950601,HOLD,AI_CURRENT,PAPER_ONLY,NO,1,10.039999961853027
YUNSA.IS,7.360000133514404,0.5118369988478929,0.008452158815709102,HOLD,AI_CURRENT,PAPER_ONLY,NO,1,7.360000133514404
BORLS.IS,3.3299999237060547,0.36557504318287015,-0.03428696212503122,SELL,AI_CURRENT,PAPER_ONLY,NO,1,3.3299999237060547
SAFKR.IS,14.449999809265137,0.46789225783871147,0.003548465869764673,HOLD,AI_CURRENT,PAPER_ONLY,NO,1,14.449999809265137
CVKMD.IS,15.649999618530273,0.4019624091852735,0.002678808086321199,HOLD,AI_CURRENT,PAPER_ONLY,NO,1,15.649999618530273
CWENE.IS,31.239999771118164,0.4897664016326927,0.008728672166497637,HOLD,AI_CURRENT,PAPER_ONLY,NO,1,31.239999771118164
SOKE.IS,11.420000076293945,0.5138817283552061,0.011068142406813274,HOLD,AI_CURRENT,PAPER_ONLY,NO,1,11.420000076293945
SMRTG.IS,8.539999961853027,0.490989076940153,0.0077043327127421825,HOLD,AI_CURRENT,PAPER_ONLY,NO,1,8.539999961853027
BSOKE.IS,23.979999542236328,0.4926472943441712,0.006644483895019954,HOLD,AI_CURRENT,PAPER_ONLY,NO,1,23.979999542236328
BRMEN.IS,12.319999694824219,0.4890692141487931,0.00857836543137716,HOLD,AI_CURRENT,PAPER_ONLY,NO,1,12.319999694824219
SKBNK.IS,6.239999771118164,0.40688361383001737,0.0014208245577659996,HOLD,AI_CURRENT,PAPER_ONLY,NO,1,6.239999771118164
DCTTR.IS,6.079999923706055,0.4842611385607112,0.0072441089855859574,HOLD,AI_CURRENT,PAPER_ONLY,NO,1,6.079999923706055
BIGCH.IS,5.300000190734863,0.4983507554954881,0.008660870264046749,HOLD,AI_CURRENT,PAPER_ONLY,NO,1,5.300000190734863
DITAS.IS,20.600000381469727,0.42191732579655017,-0.00835456018889389,SELL,AI_CURRENT,PAPER_ONLY,NO,1,20.600000381469727
SKYLP.IS,203.8000030517578,0.48932360164644434,0.006005749250884983,HOLD,AI_CURRENT,PAPER_ONLY,NO,1,203.8000030517578
ODINE.IS,1468.0,0.3902809107616232,0.25,HOLD,AI_CURRENT,PAPER_ONLY,NO,1,1468.0
BALSU.IS,7.820000171661377,0.4634918333173938,-0.0045502140537399625,HOLD,AI_CURRENT,PAPER_ONLY,NO,1,7.820000171661377
ONCSM.IS,196.39999389648438,0.4681152224405005,0.0019790361237573754,HOLD,AI_CURRENT,PAPER_ONLY,NO,1,196.39999389648438
SURGY.IS,30.260000228881836,0.47365128688729885,0.006460293709209511,HOLD,AI_CURRENT,PAPER_ONLY,NO,1,30.260000228881836
OTTO.IS,134.1999969482422,0.5111436883050272,0.007855212134404514,HOLD,AI_CURRENT,PAPER_ONLY,NO,1,134.1999969482422
TATEN.IS,7.619999885559082,0.5177063927813711,0.009479535667003009,HOLD,AI_CURRENT,PAPER_ONLY,NO,1,7.619999885559082
PEKGY.IS,10.5,0.3899019788249363,-0.02881284502907471,SELL,AI_CURRENT,PAPER_ONLY,NO,1,10.5
EMKEL.IS,12.899999618530273,0.5392935265178825,0.01088719434016366,HOLD,AI_CURRENT,PAPER_ONLY,NO,1,12.899999618530273
EGEPO.IS,13.9399995803833,0.49486886784362694,-0.013859642726163416,HOLD,AI_CURRENT,PAPER_ONLY,NO,1,13.9399995803833
BTCIM.IS,3.819999933242798,0.508936254460933,0.00929702191658242,HOLD,AI_CURRENT,PAPER_ONLY,NO,1,3.819999933242798
ENSRI.IS,4.630000114440918,0.4638656313315106,0.0034821230062763555,HOLD,AI_CURRENT,PAPER_ONLY,NO,1,4.630000114440918
BURVA.IS,649.5,0.48589524766914405,0.00553478486218785,HOLD,AI_CURRENT,PAPER_ONLY,NO,1,649.5
BARMA.IS,8.6899995803833,0.42137840887549627,0.0015529272051582003,HOLD,AI_CURRENT,PAPER_ONLY,NO,1,8.6899995803833
MOGAN.IS,13.960000038146973,0.4692339468602481,0.004404379031226148,HOLD,AI_CURRENT,PAPER_ONLY,NO,1,13.960000038146973
MEGMT.IS,47.31999969482422,0.4833819744638286,0.006037624908132101,HOLD,AI_CURRENT,PAPER_ONLY,NO,1,47.31999969482422
LIDER.IS,23.399999618530273,0.4324051862763738,-0.019785314719660413,HOLD,AI_CURRENT,PAPER_ONLY,NO,1,23.399999618530273
FZLGY.IS,7.989999771118164,0.5214172554186648,0.012000748587203748,HOLD,AI_CURRENT,PAPER_ONLY,NO,1,7.989999771118164
KRTEK.IS,4.989999771118164,0.4933120207693693,0.005811037173794305,HOLD,AI_CURRENT,PAPER_ONLY,NO,1,4.989999771118164
KRDMB.IS,99.6500015258789,0.44722955659603714,-0.03776457912505805,HOLD,AI_CURRENT,PAPER_ONLY,NO,1,99.6500015258789
KONTR.IS,3.3299999237060547,0.48853632773779754,0.006330097001224054,HOLD,AI_CURRENT,PAPER_ONLY,NO,1,3.3299999237060547
EUPWR.IS,69.4000015258789,0.3849695991353962,-0.022431230496436173,SELL,AI_CURRENT,PAPER_ONLY,NO,1,69.4000015258789
GESAN.IS,60.5,0.29968597572248346,-0.09853091419141102,SELL,AI_CURRENT,PAPER_ONLY,NO,1,60.5
FORMT.IS,1.4700000286102295,0.5037636525929539,0.009361448503843415,HOLD,AI_CURRENT,PAPER_ONLY,NO,1,1.4700000286102295
KONKA.IS,9.180000305175781,0.530584593871576,0.011235997048867578,HOLD,AI_CURRENT,PAPER_ONLY,NO,1,9.180000305175781
KTLEV.IS,42.68000030517578,0.34784030951590705,-0.03155301155732055,SELL,AI_CURRENT,PAPER_ONLY,NO,1,42.68000030517578
TMPOL.IS,365.0,0.44231213598872027,-0.0014532552654113896,HOLD,AI_CURRENT,PAPER_ONLY,NO,1,365.0
TEZOL.IS,8.75,0.49978178658754735,0.009521024644584973,HOLD,AI_CURRENT,PAPER_ONLY,NO,1,8.75
IZFAS.IS,50.95000076293945,0.44675839890042673,0.002360394483818498,HOLD,AI_CURRENT,PAPER_ONLY,NO,1,50.95000076293945
IZENR.IS,6.889999866485596,0.5091060515325398,0.010036020511136643,HOLD,AI_CURRENT,PAPER_ONLY,NO,1,6.889999866485596
GOKNR.IS,16.709999084472656,0.5123636990845007,0.009149118426625313,HOLD,AI_CURRENT,PAPER_ONLY,NO,1,16.709999084472656
GUNDG.IS,1131.0,0.4184953406815869,-0.05035988791373376,SELL,AI_CURRENT,PAPER_ONLY,NO,1,1131.0
KBORU.IS,17.81999969482422,0.49954217003327805,0.008523462877958654,HOLD,AI_CURRENT,PAPER_ONLY,NO,1,17.81999969482422
IZMDC.IS,10.0,0.5041060916021667,0.008894039521632958,HOLD,AI_CURRENT,PAPER_ONLY,NO,1,10.0
IDGYO.IS,2.799999952316284,0.48065879119988303,0.00761441046049064,HOLD,AI_CURRENT,PAPER_ONLY,NO,1,2.799999952316284
GRNYO.IS,11.1899995803833,0.516558492078734,0.009982530099694785,HOLD,AI_CURRENT,PAPER_ONLY,NO,1,11.1899995803833
KAPLM.IS,356.25,0.47979567367303,0.00817510736318767,HOLD,AI_CURRENT,PAPER_ONLY,NO,1,356.25
INFO.IS,4.829999923706055,0.49075217073812183,0.00046148028234048585,HOLD,AI_CURRENT,PAPER_ONLY,NO,1,4.829999923706055
ICUGS.IS,4.03000020980835,0.4707202992358762,0.005648654680684653,HOLD,AI_CURRENT,PAPER_ONLY,NO,1,4.03000020980835
KATMR.IS,1.840000033378601,0.5012531935012183,0.008981746012861056,HOLD,AI_CURRENT,PAPER_ONLY,NO,1,1.840000033378601
ALVES.IS,1.25,0.47003373773071816,0.007316817842877377,HOLD,AI_CURRENT,PAPER_ONLY,NO,1,1.25
HEDEF.IS,75.8499984741211,0.32358992095915756,-0.04703495567098948,SELL,AI_CURRENT,PAPER_ONLY,NO,1,75.8499984741211
A1CAP.IS,7.269999980926514,0.507763474669466,0.008197039586476544,HOLD,AI_CURRENT,PAPER_ONLY,NO,1,7.269999980926514
